<?xml version="1.0" encoding="UTF-8"?>
<project version="4">
  <component name="ChangeListManager">
    <list default="true" id="6f22490c-269f-42f0-8a91-dfde037ba399" name="Default Changelist" comment="" />
    <option name="SHOW_DIALOG" value="false" />
    <option name="HIGHLIGHT_CONFLICTS" value="true" />
    <option name="HIGHLIGHT_NON_ACTIVE_CHANGELIST" value="false" />
    <option name="LAST_RESOLUTION" value="IGNORE" />
  </component>
  <component name="ProjectId" id="2X4WIZcSMjeZaLW8aNDcbTYycmA" />
  <component name="PropertiesComponent">
    <property name="RunOnceActivity.OpenProjectViewOnStart" value="true" />
    <property name="RunOnceActivity.ShowReadmeOnStart" value="true" />
    <property name="WebServerToolWindowFactoryState" value="false" />
    <property name="aspect.path.notification.shown" value="true" />
  </component>
  <component name="TaskManager">
    <task active="true" id="Default" summary="Default task">
      <changelist id="6f22490c-269f-42f0-8a91-dfde037ba399" name="Default Changelist" comment="" />
      <created>1697888755381</created>
      <option name="number" value="Default" />
      <option name="presentableId" value="Default" />
      <updated>1697888755381</updated>
      <workItem from="1697888757154" duration="1000" />
    </task>
    <servers />
  </component>
</project>